{
  "type": "FeatureCollection",
  "name": "genplan_vega_polygons_26.08.26",
  "crs": {
    "properties": {
      "name": "urn:ogc:def:crs:EPSG::4979"
    },
    "type": "name"
  },
  "features": [
    {
      "type": "Feature",
      "properties": {
        "area": 20670.53,
        "id": 9,
        "cad_handle": "2447F1",
        "seq": 1
      },
      "geometry": {
        "type": "Polygon",
        "coordinates": [
          [
            [
              2224529.009263038,
              425689.4277243223,
              0.0
            ],
            [
              2224625.800160125,
              425740.7767133501,
              0.0
            ],
            [
              2224625.800160125,
              425740.7767133501,
              0.0
            ],
            [
              2224674.99517968,
              425748.1195902864,
              0.0
            ],
            [
              2224696.352758141,
              425607.0086018841,
              0.0
            ],
            [
              2224681.46860441,
              425605.1144782496,
              0.0
            ],
            [
              2224683.402033521,
              425592.3401251273,
              0.0
            ],
            [
              2224543.110240639,
              425574.9072487572,
              0.0
            ],
            [
              2224552.188984934,
              425640.7694119176,
              0.0
            ],
            [
              2224529.009263038,
              425689.4277243223,
              0.0
            ]
          ]
        ]
      }
    },
    {
      "type": "Feature",
      "properties": {
        "area": 10004.05,
        "id": 8,
        "cad_handle": "2447E6",
        "seq": 2
      },
      "geometry": {
        "type": "Polygon",
        "coordinates": [
          [
            [
              2224674.99517968,
              425748.1195902864,
              0.0
            ],
            [
              2224745.952966203,
              425758.7319649888,
              0.0
            ],
            [
              2224766.920921865,
              425620.1952249626,
              0.0
            ],
            [
              2224695.759841571,
              425610.9260263301,
              0.0
            ],
            [
              2224674.99517968,
              425748.1195902864,
              0.0
            ]
          ]
        ]
      }
    },
    {
      "type": "Feature",
      "properties": {
        "area": 10002.25,
        "id": 7,
        "cad_handle": "2447E9",
        "seq": 3
      },
      "geometry": {
        "type": "Polygon",
        "coordinates": [
          [
            [
              2224745.952966203,
              425758.7319649888,
              0.0
            ],
            [
              2224816.215452059,
              425769.2437458489,
              0.0
            ],
            [
              2224837.385213311,
              425629.3736622661,
              0.0
            ],
            [
              2224766.920921865,
              425620.1952249626,
              0.0
            ],
            [
              2224745.952966203,
              425758.7319649888,
              0.0
            ]
          ]
        ]
      }
    },
    {
      "type": "Feature",
      "properties": {
        "area": 10001.61,
        "id": 6,
        "cad_handle": "2447EA",
        "seq": 4
      },
      "geometry": {
        "type": "Polygon",
        "coordinates": [
          [
            [
              2224816.215452059,
              425769.2437458489,
              0.0
            ],
            [
              2224885.797755629,
              425779.6853069694,
              0.0
            ],
            [
              2224907.172050331,
              425638.4638566759,
              0.0
            ],
            [
              2224837.385213311,
              425629.3736622661,
              0.0
            ],
            [
              2224816.215452059,
              425769.2437458489,
              0.0
            ]
          ]
        ]
      }
    },
    {
      "type": "Feature",
      "properties": {
        "area": 10003.46,
        "id": 5,
        "cad_handle": "2447EB",
        "seq": 5
      },
      "geometry": {
        "type": "Polygon",
        "coordinates": [
          [
            [
              2224885.797755629,
              425779.6853069694,
              0.0
            ],
            [
              2224955.154076977,
              425789.9935849708,
              0.0
            ],
            [
              2224976.419357057,
              425649.4924018603,
              0.0
            ],
            [
              2224921.175974632,
              425640.2879598998,
              0.0
            ],
            [
              2224907.172050331,
              425638.4638566759,
              0.0
            ],
            [
              2224885.797755629,
              425779.6853069694,
              0.0
            ]
          ]
        ]
      }
    },
    {
      "type": "Feature",
      "properties": {
        "area": 1994.72,
        "id": null,
        "cad_handle": "24488E",
        "seq": 6
      },
      "geometry": {
        "type": "Polygon",
        "coordinates": [
          [
            [
              2225284.393187975,
              425697.7439395379,
              0.0
            ],
            [
              2225284.393187975,
              425697.7439395379,
              0.0
            ],
            [
              2225344.926829511,
              425766.3838109211,
              0.0
            ],
            [
              2225351.163890134,
              425724.5833408502,
              0.0
            ],
            [
              2225351.163890134,
              425724.5833408502,
              0.0
            ],
            [
              2225344.637799543,
              425720.5977978269,
              0.0
            ],
            [
              2225339.367799543,
              425713.6477978269,
              0.0
            ],
            [
              2225336.457799544,
              425707.9677978269,
              0.0
            ],
            [
              2225335.195331458,
              425702.8699836594,
              0.0
            ],
            [
              2225284.75037551,
              425695.3532912483,
              0.0
            ],
            [
              2225284.393187975,
              425697.7439395379,
              0.0
            ]
          ]
        ]
      }
    },
    {
      "type": "Feature",
      "properties": {
        "area": 10003.87,
        "id": 4,
        "cad_handle": "2447EC",
        "seq": 7
      },
      "geometry": {
        "type": "Polygon",
        "coordinates": [
          [
            [
              2224955.154076977,
              425789.9935849708,
              0.0
            ],
            [
              2225025.05601321,
              425800.4804933169,
              0.0
            ],
            [
              2225046.150059183,
              425661.110665848,
              0.0
            ],
            [
              2224976.419357057,
              425649.4924018603,
              0.0
            ],
            [
              2224955.154076977,
              425789.9935849708,
              0.0
            ]
          ]
        ]
      }
    },
    {
      "type": "Feature",
      "properties": {
        "area": 10009.39,
        "id": 3,
        "cad_handle": "2447ED",
        "seq": 8
      },
      "geometry": {
        "type": "Polygon",
        "coordinates": [
          [
            [
              2225025.05601321,
              425800.4804933169,
              0.0
            ],
            [
              2225095.643604739,
              425810.8827341679,
              0.0
            ],
            [
              2225116.537051681,
              425672.8382784377,
              0.0
            ],
            [
              2225046.150059183,
              425661.110665848,
              0.0
            ],
            [
              2225025.05601321,
              425800.4804933169,
              0.0
            ]
          ]
        ]
      }
    },
    {
      "type": "Feature",
      "properties": {
        "area": 9999.59,
        "id": 2,
        "cad_handle": "2447EE",
        "seq": 9
      },
      "geometry": {
        "type": "Polygon",
        "coordinates": [
          [
            [
              2225095.643604739,
              425810.8827341679,
              0.0
            ],
            [
              2225166.701842496,
              425821.6376139091,
              0.0
            ],
            [
              2225187.452377318,
              425684.5373884805,
              0.0
            ],
            [
              2225116.537051681,
              425672.8382784377,
              0.0
            ],
            [
              2225095.643604739,
              425810.8827341679,
              0.0
            ]
          ]
        ]
      }
    },
    {
      "type": "Feature",
      "properties": {
        "area": 60.0,
        "id": null,
        "cad_handle": "244887",
        "seq": 10
      },
      "geometry": {
        "type": "Polygon",
        "coordinates": [
          [
            [
              2225280.597709887,
              425750.2226936082,
              0.0
            ],
            [
              2225292.466317542,
              425751.9936121004,
              0.0
            ],
            [
              2225293.204200248,
              425747.0483589103,
              0.0
            ],
            [
              2225281.335592652,
              425745.2774404261,
              0.0
            ],
            [
              2225280.597709887,
              425750.2226936082,
              0.0
            ]
          ]
        ]
      }
    },
    {
      "type": "Feature",
      "properties": {
        "area": 10095.65,
        "id": 10,
        "cad_handle": "2447E8",
        "seq": 11
      },
      "geometry": {
        "type": "Polygon",
        "coordinates": [
          [
            [
              2224483.625706706,
              425784.6957897442,
              0.0
            ],
            [
              2224616.268934647,
              425804.4901871099,
              0.0
            ],
            [
              2224625.800160125,
              425740.7767133501,
              0.0
            ],
            [
              2224529.009263038,
              425689.4277243223,
              0.0
            ],
            [
              2224483.625706706,
              425784.6957897442,
              0.0
            ]
          ]
        ]
      }
    },
    {
      "type": "Feature",
      "properties": {
        "area": 10004.27,
        "id": 1,
        "cad_handle": "2447E5",
        "seq": 12
      },
      "geometry": {
        "type": "Polygon",
        "coordinates": [
          [
            [
              2225166.701842496,
              425821.6376139091,
              0.0
            ],
            [
              2225218.651174712,
              425829.3714301237,
              0.0
            ],
            [
              2225245.457037475,
              425802.9548993588,
              0.0
            ],
            [
              2225261.252561774,
              425696.9502255157,
              0.0
            ],
            [
              2225187.452377318,
              425684.5373884805,
              0.0
            ],
            [
              2225166.701842496,
              425821.6376139091,
              0.0
            ]
          ]
        ]
      }
    },
    {
      "type": "Feature",
      "properties": {
        "area": 10004.02,
        "id": 34,
        "cad_handle": "2447F0",
        "seq": 13
      },
      "geometry": {
        "type": "Polygon",
        "coordinates": [
          [
            [
              2225505.673180884,
              425844.055227032,
              0.0
            ],
            [
              2225520.77740967,
              425731.0095147143,
              0.0
            ],
            [
              2225385.094367058,
              425712.6474840461,
              0.0
            ],
            [
              2225383.77,
              425722.56,
              0.0
            ],
            [
              2225386.87,
              425728.04,
              0.0
            ],
            [
              2225388.29,
              425737.36,
              0.0
            ],
            [
              2225406.87,
              425746.79,
              0.0
            ],
            [
              2225423.45,
              425770.5900000001,
              0.0
            ],
            [
              2225428.44,
              425773.9,
              0.0
            ],
            [
              2225433.3,
              425779.79,
              0.0
            ],
            [
              2225434.43,
              425783.07,
              0.0
            ],
            [
              2225434.54,
              425791.79,
              0.0
            ],
            [
              2225438.52,
              425803.92,
              0.0
            ],
            [
              2225451.76,
              425820.65,
              0.0
            ],
            [
              2225458.35,
              425824.01,
              0.0
            ],
            [
              2225467.43,
              425826.2800000001,
              0.0
            ],
            [
              2225492.56,
              425836.07,
              0.0
            ],
            [
              2225505.673180884,
              425844.055227032,
              0.0
            ]
          ]
        ]
      }
    },
    {
      "type": "Feature",
      "properties": {
        "area": 2705.65,
        "id": 108,
        "cad_handle": "24482D",
        "seq": 14
      },
      "geometry": {
        "type": "Polygon",
        "coordinates": [
          [
            [
              2224636.199267504,
              425820.029528694,
              0.0
            ],
            [
              2224685.652443777,
              425827.4200218109,
              0.0
            ],
            [
              2224693.644924584,
              425773.8975826311,
              0.0
            ],
            [
              2224644.2,
              425766.51,
              0.0
            ],
            [
              2224636.199267504,
              425820.029528694,
              0.0
            ]
          ]
        ]
      }
    },
    {
      "type": "Feature",
      "properties": {
        "area": 10050.72,
        "id": 35,
        "cad_handle": "2447EF",
        "seq": 15
      },
      "geometry": {
        "type": "Polygon",
        "coordinates": [
          [
            [
              2225505.673180884,
              425844.0552270321,
              0.0
            ],
            [
              2225506.42,
              425844.51,
              0.0
            ],
            [
              2225518.26,
              425854.9,
              0.0
            ],
            [
              2225527.18,
              425872.29,
              0.0
            ],
            [
              2225530.43,
              425873.0,
              0.0
            ],
            [
              2225538.75,
              425867.51,
              0.0
            ],
            [
              2225538.75,
              425867.51,
              0.0
            ],
            [
              2225538.75,
              425867.51,
              0.0
            ],
            [
              2225576.305284188,
              425883.7509756684,
              0.0
            ],
            [
              2225595.387171532,
              425740.9349750761,
              0.0
            ],
            [
              2225520.77740967,
              425731.0095147143,
              0.0
            ],
            [
              2225505.673180884,
              425844.0552270321,
              0.0
            ]
          ]
        ]
      }
    },
    {
      "type": "Feature",
      "properties": {
        "area": 2705.77,
        "id": 116,
        "cad_handle": "24482E",
        "seq": 16
      },
      "geometry": {
        "type": "Polygon",
        "coordinates": [
          [
            [
              2224685.652443777,
              425827.4200218109,
              0.0
            ],
            [
              2224735.099828609,
              425834.8096494483,
              0.0
            ],
            [
              2224743.095750629,
              425781.282051353,
              0.0
            ],
            [
              2224693.650826046,
              425773.894468722,
              0.0
            ],
            [
              2224685.652443777,
              425827.4200218109,
              0.0
            ]
          ]
        ]
      }
    },
    {
      "type": "Feature",
      "properties": {
        "area": 3561.21,
        "id": 127,
        "cad_handle": "244845",
        "seq": 17
      },
      "geometry": {
        "type": "Polygon",
        "coordinates": [
          [
            [
              2224764.873836329,
              425784.5276938961,
              0.0
            ],
            [
              2224841.998683553,
              425796.052694329,
              0.0
            ],
            [
              2224835.248960894,
              425841.2182945303,
              0.0
            ],
            [
              2224758.125230182,
              425829.6949550648,
              0.0
            ],
            [
              2224764.873836329,
              425784.5276938961,
              0.0
            ]
          ]
        ]
      }
    },
    {
      "type": "Feature",
      "properties": {
        "area": 10009.71,
        "id": 36,
        "cad_handle": "2447E4",
        "seq": 18
      },
      "geometry": {
        "type": "Polygon",
        "coordinates": [
          [
            [
              2225576.305284188,
              425883.7509756684,
              0.0
            ],
            [
              2225585.25,
              425887.51,
              0.0
            ],
            [
              2225613.75,
              425885.51,
              0.0
            ],
            [
              2225613.75,
              425885.51,
              0.0
            ],
            [
              2225613.75,
              425885.51,
              0.0
            ],
            [
              2225649.748178631,
              425876.6115738215,
              0.0
            ],
            [
              2225666.604775771,
              425750.4504796091,
              0.0
            ],
            [
              2225595.387171532,
              425740.9349750761,
              0.0
            ],
            [
              2225576.305284188,
              425883.7509756684,
              0.0
            ]
          ]
        ]
      }
    },
    {
      "type": "Feature",
      "properties": {
        "area": 10004.07,
        "id": 37,
        "cad_handle": "2447E7",
        "seq": 19
      },
      "geometry": {
        "type": "Polygon",
        "coordinates": [
          [
            [
              2225649.748178631,
              425876.6115738215,
              0.0
            ],
            [
              2225658.25,
              425874.51,
              0.0
            ],
            [
              2225711.25,
              425873.51,
              0.0
            ],
            [
              2225711.25,
              425873.51,
              0.0
            ],
            [
              2225731.25,
              425882.01,
              0.0
            ],
            [
              2225732.60467141,
              425883.9525476818,
              0.0
            ],
            [
              2225748.971687456,
              425761.4556619638,
              0.0
            ],
            [
              2225666.604775771,
              425750.4504796091,
              0.0
            ],
            [
              2225649.748178631,
              425876.6115738215,
              0.0
            ]
          ]
        ]
      }
    },
    {
      "type": "Feature",
      "properties": {
        "area": 10011.78,
        "id": 38,
        "cad_handle": "2447E1",
        "seq": 20
      },
      "geometry": {
        "type": "Polygon",
        "coordinates": [
          [
            [
              2225732.60467141,
              425883.9525476818,
              0.0
            ],
            [
              2225744.5,
              425901.01,
              0.0
            ],
            [
              2225753.0,
              425904.51,
              0.0
            ],
            [
              2225777.51,
              425888.51,
              0.0
            ],
            [
              2225816.391636005,
              425870.5389032353,
              0.0
            ],
            [
              2225816.391636005,
              425870.5389032353,
              0.0
            ],
            [
              2225829.528328415,
              425772.2189709855,
              0.0
            ],
            [
              2225748.971687456,
              425761.4556619638,
              0.0
            ],
            [
              2225732.60467141,
              425883.9525476818,
              0.0
            ]
          ]
        ]
      }
    },
    {
      "type": "Feature",
      "properties": {
        "area": 10000.1,
        "id": 11,
        "cad_handle": "2447F3",
        "seq": 21
      },
      "geometry": {
        "type": "Polygon",
        "coordinates": [
          [
            [
              2224483.625706706,
              425784.6957897442,
              0.0
            ],
            [
              2224452.541600217,
              425849.946795392,
              0.0
            ],
            [
              2224606.06647518,
              425872.8573685718,
              0.0
            ],
            [
              2224616.268934647,
              425804.4901871099,
              0.0
            ],
            [
              2224483.625706706,
              425784.6957897442,
              0.0
            ]
          ]
        ]
      }
    },
    {
      "type": "Feature",
      "properties": {
        "area": 10009.44,
        "id": 39,
        "cad_handle": "2447E2",
        "seq": 22
      },
      "geometry": {
        "type": "Polygon",
        "coordinates": [
          [
            [
              2225816.391636005,
              425870.5389032353,
              0.0
            ],
            [
              2225830.75,
              425864.01,
              0.0
            ],
            [
              2225849.75,
              425867.01,
              0.0
            ],
            [
              2225869.5,
              425886.5099999999,
              0.0
            ],
            [
              2225891.5,
              425925.5099999997,
              0.0
            ],
            [
              2225891.5,
              425925.5099999997,
              0.0
            ],
            [
              2225900.084720804,
              425932.6145965269,
              0.0
            ],
            [
              2225919.902091556,
              425784.2939623029,
              0.0
            ],
            [
              2225829.528328415,
              425772.2189709855,
              0.0
            ],
            [
              2225816.391636005,
              425870.5389032353,
              0.0
            ]
          ]
        ]
      }
    },
    {
      "type": "Feature",
      "properties": {
        "area": 2300.05,
        "id": 107,
        "cad_handle": "244831",
        "seq": 23
      },
      "geometry": {
        "type": "Polygon",
        "coordinates": [
          [
            [
              2224629.398497328,
              425865.5221151192,
              0.0
            ],
            [
              2224678.856679676,
              425872.9105935298,
              0.0
            ],
            [
              2224685.652443777,
              425827.4200218109,
              0.0
            ],
            [
              2224636.199267504,
              425820.029528694,
              0.0
            ],
            [
              2224629.398497328,
              425865.5221151192,
              0.0
            ]
          ]
        ]
      }
    },
    {
      "type": "Feature",
      "properties": {
        "area": 10022.36,
        "id": 40,
        "cad_handle": "2447E3",
        "seq": 24
      },
      "geometry": {
        "type": "Polygon",
        "coordinates": [
          [
            [
              2225913.25,
              425943.51,
              0.0
            ],
            [
              2225920.75,
              425943.51,
              0.0
            ],
            [
              2225937.0,
              425925.51,
              0.0
            ],
            [
              2225956.75,
              425929.01,
              0.0
            ],
            [
              2225971.0,
              425924.51,
              0.0
            ],
            [
              2225958.5,
              425869.01,
              0.0
            ],
            [
              2225960.25,
              425860.51,
              0.0
            ],
            [
              2225985.75,
              425838.51,
              0.0
            ],
            [
              2225987.76,
              425829.51,
              0.0
            ],
            [
              2225985.21,
              425824.96,
              0.0
            ],
            [
              2225993.73,
              425777.01,
              0.0
            ],
            [
              2225947.488746277,
              425770.8316278951,
              0.0
            ],
            [
              2225945.237727117,
              425787.6790994134,
              0.0
            ],
            [
              2225919.902091556,
              425784.2939623029,
              0.0
            ],
            [
              2225900.084720804,
              425932.6145965269,
              0.0
            ],
            [
              2225913.25,
              425943.51,
              0.0
            ]
          ]
        ]
      }
    },
    {
      "type": "Feature",
      "properties": {
        "area": 9456.36,
        "id": 43,
        "cad_handle": "244863",
        "seq": 25
      },
      "geometry": {
        "type": "Polygon",
        "coordinates": [
          [
            [
              2225326.871989761,
              425879.8821053176,
              0.0
            ],
            [
              2225390.709101479,
              425926.3345054597,
              0.0
            ],
            [
              2225456.028758302,
              425836.5597539364,
              0.0
            ],
            [
              2225451.49,
              425835.5,
              0.0
            ],
            [
              2225443.22,
              425830.32,
              0.0
            ],
            [
              2225427.11,
              425810.04,
              0.0
            ],
            [
              2225423.668312314,
              425799.6430990576,
              0.0
            ],
            [
              2225421.84,
              425794.12,
              0.0
            ],
            [
              2225421.56,
              425785.52,
              0.0
            ],
            [
              2225413.78,
              425779.21,
              0.0
            ],
            [
              2225407.117669966,
              425769.5844781193,
              0.0
            ],
            [
              2225326.871989761,
              425879.8821053176,
              0.0
            ]
          ]
        ]
      }
    },
    {
      "type": "Feature",
      "properties": {
        "area": 2299.54,
        "id": 115,
        "cad_handle": "244832",
        "seq": 26
      },
      "geometry": {
        "type": "Polygon",
        "coordinates": [
          [
            [
              2224678.856679676,
              425872.9105935298,
              0.0
            ],
            [
              2224728.304932471,
              425880.29714528,
              0.0
            ],
            [
              2224735.099828634,
              425834.8096492827,
              0.0
            ],
            [
              2224685.652443777,
              425827.4200218109,
              0.0
            ],
            [
              2224678.856679676,
              425872.9105935298,
              0.0
            ]
          ]
        ]
      }
    },
    {
      "type": "Feature",
      "properties": {
        "area": 2929.81,
        "id": 126,
        "cad_handle": "244847",
        "seq": 27
      },
      "geometry": {
        "type": "Polygon",
        "coordinates": [
          [
            [
              2224835.24670989,
              425841.2160580178,
              0.0
            ],
            [
              2224829.693585646,
              425878.3756116142,
              0.0
            ],
            [
              2224752.571881713,
              425866.8505360693,
              0.0
            ],
            [
              2224758.125009237,
              425829.6909829629,
              0.0
            ],
            [
              2224835.24670989,
              425841.2160580178,
              0.0
            ]
          ]
        ]
      }
    },
    {
      "type": "Feature",
      "properties": {
        "area": 10001.3,
        "id": 12,
        "cad_handle": "2447F2",
        "seq": 28
      },
      "geometry": {
        "type": "Polygon",
        "coordinates": [
          [
            [
              2224452.541600217,
              425849.946795392,
              0.0
            ],
            [
              2224443.011408437,
              425869.9523438195,
              0.0
            ],
            [
              2224413.928913266,
              425904.3148031995,
              0.0
            ],
            [
              2224597.288702856,
              425931.6776515888,
              0.0
            ],
            [
              2224606.06647518,
              425872.8573685718,
              0.0
            ],
            [
              2224452.541600217,
              425849.946795392,
              0.0
            ]
          ]
        ]
      }
    },
    {
      "type": "Feature",
      "properties": {
        "area": 2929.81,
        "id": 125,
        "cad_handle": "244842",
        "seq": 29
      },
      "geometry": {
        "type": "Polygon",
        "coordinates": [
          [
            [
              2224829.693582366,
              425878.3756111241,
              0.0
            ],
            [
              2224824.140458123,
              425915.5351647205,
              0.0
            ],
            [
              2224747.018754189,
              425904.0100891756,
              0.0
            ],
            [
              2224752.571881713,
              425866.8505360692,
              0.0
            ],
            [
              2224829.693582366,
              425878.3756111241,
              0.0
            ]
          ]
        ]
      }
    },
    {
      "type": "Feature",
      "properties": {
        "area": 2300.22,
        "id": 106,
        "cad_handle": "244833",
        "seq": 30
      },
      "geometry": {
        "type": "Polygon",
        "coordinates": [
          [
            [
              2224622.598131186,
              425911.0119988257,
              0.0
            ],
            [
              2224672.061315147,
              425918.4012249366,
              0.0
            ],
            [
              2224678.857079249,
              425872.9106532177,
              0.0
            ],
            [
              2224629.398497328,
              425865.5221151192,
              0.0
            ],
            [
              2224622.598131186,
              425911.0119988257,
              0.0
            ]
          ]
        ]
      }
    },
    {
      "type": "Feature",
      "properties": {
        "area": 2299.62,
        "id": 114,
        "cad_handle": "244834",
        "seq": 31
      },
      "geometry": {
        "type": "Polygon",
        "coordinates": [
          [
            [
              2224672.061315147,
              425918.4012249366,
              0.0
            ],
            [
              2224721.509567942,
              425925.7877766867,
              0.0
            ],
            [
              2224728.304932471,
              425880.29714528,
              0.0
            ],
            [
              2224678.857079249,
              425872.9106532177,
              0.0
            ],
            [
              2224672.061315147,
              425918.4012249366,
              0.0
            ]
          ]
        ]
      }
    },
    {
      "type": "Feature",
      "properties": {
        "area": 10829.89,
        "id": 44,
        "cad_handle": "244803",
        "seq": 32
      },
      "geometry": {
        "type": "Polygon",
        "coordinates": [
          [
            [
              2225390.709101479,
              425926.3345054597,
              0.0
            ],
            [
              2225467.709641939,
              425982.3576537694,
              0.0
            ],
            [
              2225522.936232312,
              425906.4519356024,
              0.0
            ],
            [
              2225513.0,
              425884.51,
              0.0
            ],
            [
              2225517.641524697,
              425881.4885613229,
              0.0
            ],
            [
              2225511.48278895,
              425871.2677995217,
              0.0
            ],
            [
              2225507.83278895,
              425862.6377995218,
              0.0
            ],
            [
              2225499.1,
              425855.15,
              0.0
            ],
            [
              2225487.47,
              425847.94,
              0.0
            ],
            [
              2225463.24,
              425838.49,
              0.0
            ],
            [
              2225456.028758302,
              425836.5597539366,
              0.0
            ],
            [
              2225390.709101479,
              425926.3345054597,
              0.0
            ]
          ]
        ]
      }
    },
    {
      "type": "Feature",
      "properties": {
        "area": 4338.08,
        "id": 53,
        "cad_handle": "244811",
        "seq": 33
      },
      "geometry": {
        "type": "Polygon",
        "coordinates": [
          [
            [
              2225325.507575848,
              425959.1883039981,
              0.0
            ],
            [
              2225352.516798267,
              425922.0641480601,
              0.0
            ],
            [
              2225274.95198056,
              425865.6194795735,
              0.0
            ],
            [
              2225263.799623226,
              425869.6107159886,
              0.0
            ],
            [
              2225257.767304911,
              425909.9047041913,
              0.0
            ],
            [
              2225325.507575848,
              425959.1883039981,
              0.0
            ]
          ]
        ]
      }
    },
    {
      "type": "Feature",
      "properties": {
        "area": 2686.85,
        "id": 124,
        "cad_handle": "244841",
        "seq": 34
      },
      "geometry": {
        "type": "Polygon",
        "coordinates": [
          [
            [
              2224741.926686533,
              425938.0880331222,
              0.0
            ],
            [
              2224819.047482845,
              425949.6129730324,
              0.0
            ],
            [
              2224824.139730389,
              425915.5338251477,
              0.0
            ],
            [
              2224747.018754189,
              425904.0100891756,
              0.0
            ],
            [
              2224741.926686533,
              425938.0880331222,
              0.0
            ]
          ]
        ]
      }
    },
    {
      "type": "Feature",
      "properties": {
        "area": 60000.0,
        "id": 22,
        "cad_handle": "24481D",
        "seq": 35
      },
      "geometry": {
        "type": "Polygon",
        "coordinates": [
          [
            [
              2224911.350716803,
              426008.6496023961,
              0.0
            ],
            [
              2225208.056667606,
              426052.9844505131,
              0.0
            ],
            [
              2225237.613233017,
              425855.1804833104,
              0.0
            ],
            [
              2224940.907282214,
              425810.8456351935,
              0.0
            ],
            [
              2224911.350716803,
              426008.6496023961,
              0.0
            ]
          ]
        ]
      }
    },
    {
      "type": "Feature",
      "properties": {
        "area": 1959.89,
        "id": 105,
        "cad_handle": "244835",
        "seq": 36
      },
      "geometry": {
        "type": "Polygon",
        "coordinates": [
          [
            [
              2224616.808440997,
              425949.7411389826,
              0.0
            ],
            [
              2224666.267942791,
              425957.1847796584,
              0.0
            ],
            [
              2224672.061315147,
              425918.4012249366,
              0.0
            ],
            [
              2224622.598131186,
              425911.0119988257,
              0.0
            ],
            [
              2224616.808440997,
              425949.7411389826,
              0.0
            ]
          ]
        ]
      }
    },
    {
      "type": "Feature",
      "properties": {
        "area": 1959.69,
        "id": 113,
        "cad_handle": "24483C",
        "seq": 37
      },
      "geometry": {
        "type": "Polygon",
        "coordinates": [
          [
            [
              2224666.267942791,
              425957.1847796584,
              0.0
            ],
            [
              2224715.721290263,
              425964.5366048989,
              0.0
            ],
            [
              2224721.509567943,
              425925.7877766868,
              0.0
            ],
            [
              2224672.061315147,
              425918.4012249367,
              0.0
            ],
            [
              2224666.267942791,
              425957.1847796584,
              0.0
            ]
          ]
        ]
      }
    },
    {
      "type": "Feature",
      "properties": {
        "area": 2686.85,
        "id": 123,
        "cad_handle": "244840",
        "seq": 38
      },
      "geometry": {
        "type": "Polygon",
        "coordinates": [
          [
            [
              2224736.835150867,
              425972.1660565693,
              0.0
            ],
            [
              2224813.955947179,
              425983.6909964796,
              0.0
            ],
            [
              2224819.048194723,
              425949.6118485949,
              0.0
            ],
            [
              2224741.927218523,
              425938.0881126228,
              0.0
            ],
            [
              2224736.835150867,
              425972.1660565693,
              0.0
            ]
          ]
        ]
      }
    },
    {
      "type": "Feature",
      "properties": {
        "area": 3769.9,
        "id": 46,
        "cad_handle": "2447FA",
        "seq": 39
      },
      "geometry": {
        "type": "Polygon",
        "coordinates": [
          [
            [
              2225467.709641939,
              425982.3576537694,
              0.0
            ],
            [
              2225504.098943076,
              426008.83335384,
              0.0
            ],
            [
              2225551.168677658,
              425944.1496291062,
              0.0
            ],
            [
              2225534.51,
              425932.01,
              0.0
            ],
            [
              2225522.936232312,
              425906.4519356024,
              0.0
            ],
            [
              2225505.212129078,
              425930.8100244706,
              0.0
            ],
            [
              2225467.709641939,
              425982.3576537694,
              0.0
            ]
          ]
        ]
      }
    },
    {
      "type": "Feature",
      "properties": {
        "area": 4354.88,
        "id": 66,
        "cad_handle": "244810",
        "seq": 40
      },
      "geometry": {
        "type": "Polygon",
        "coordinates": [
          [
            [
              2225287.143133669,
              426011.9202009736,
              0.0
            ],
            [
              2225325.507575848,
              425959.1883039983,
              0.0
            ],
            [
              2225257.767304911,
              425909.9047041913,
              0.0
            ],
            [
              2225246.880164867,
              425982.6273739154,
              0.0
            ],
            [
              2225287.143133669,
              426011.9202009736,
              0.0
            ]
          ]
        ]
      }
    },
    {
      "type": "Feature",
      "properties": {
        "area": 20584.52,
        "id": 13,
        "cad_handle": "244848",
        "seq": 41
      },
      "geometry": {
        "type": "Polygon",
        "coordinates": [
          [
            [
              2224356.76,
              425962.5,
              0.0
            ],
            [
              2224406.893827353,
              425903.2649547584,
              0.0
            ],
            [
              2224597.288702856,
              425931.6776515891,
              0.0
            ],
            [
              2224583.168921386,
              426026.2565807278,
              0.0
            ],
            [
              2224377.77270663,
              425995.5927785757,
              0.0
            ],
            [
              2224356.76,
              425962.5,
              0.0
            ]
          ]
        ]
      }
    },
    {
      "type": "Feature",
      "properties": {
        "area": 3554.05,
        "id": 54,
        "cad_handle": "24480F",
        "seq": 42
      },
      "geometry": {
        "type": "Polygon",
        "coordinates": [
          [
            [
              2225361.730148716,
              426006.0580312911,
              0.0
            ],
            [
              2225398.499637575,
              425955.5183964576,
              0.0
            ],
            [
              2225352.516798267,
              425922.0641480601,
              0.0
            ],
            [
              2225315.747309407,
              425972.6037828938,
              0.0
            ],
            [
              2225361.730148716,
              426006.0580312911,
              0.0
            ]
          ]
        ]
      }
    },
    {
      "type": "Feature",
      "properties": {
        "area": 1959.86,
        "id": 104,
        "cad_handle": "244836",
        "seq": 43
      },
      "geometry": {
        "type": "Polygon",
        "coordinates": [
          [
            [
              2224611.005281226,
              425988.4872688645,
              0.0
            ],
            [
              2224660.4799234,
              425995.9332081233,
              0.0
            ],
            [
              2224666.267942791,
              425957.1847796584,
              0.0
            ],
            [
              2224616.808440997,
              425949.7411389826,
              0.0
            ],
            [
              2224611.005281226,
              425988.4872688645,
              0.0
            ]
          ]
        ]
      }
    },
    {
      "type": "Feature",
      "properties": {
        "area": 1961.03,
        "id": 112,
        "cad_handle": "24483B",
        "seq": 44
      },
      "geometry": {
        "type": "Polygon",
        "coordinates": [
          [
            [
              2224660.4799234,
              425995.9332081233,
              0.0
            ],
            [
              2224709.919738582,
              426003.3738859697,
              0.0
            ],
            [
              2224715.721290263,
              425964.5366048989,
              0.0
            ],
            [
              2224666.267942791,
              425957.1847796584,
              0.0
            ],
            [
              2224660.4799234,
              425995.9332081233,
              0.0
            ]
          ]
        ]
      }
    },
    {
      "type": "Feature",
      "properties": {
        "area": 3600.08,
        "id": 47,
        "cad_handle": "2447F9",
        "seq": 45
      },
      "geometry": {
        "type": "Polygon",
        "coordinates": [
          [
            [
              2225504.098943616,
              426008.8333542331,
              0.0
            ],
            [
              2225540.488244753,
              426035.3090543037,
              0.0
            ],
            [
              2225587.557979335,
              425970.6253295699,
              0.0
            ],
            [
              2225551.15879851,
              425944.1523362949,
              0.0
            ],
            [
              2225504.098943616,
              426008.8333542331,
              0.0
            ]
          ]
        ]
      }
    },
    {
      "type": "Feature",
      "properties": {
        "area": 2500.0,
        "id": 55,
        "cad_handle": "24480C",
        "seq": 46
      },
      "geometry": {
        "type": "Polygon",
        "coordinates": [
          [
            [
              2225394.075515009,
              426029.5905041609,
              0.0
            ],
            [
              2225430.845003868,
              425979.0508693275,
              0.0
            ],
            [
              2225398.499637575,
              425955.5183964578,
              0.0
            ],
            [
              2225361.730148716,
              426006.0580312911,
              0.0
            ],
            [
              2225394.075515009,
              426029.5905041609,
              0.0
            ]
          ]
        ]
      }
    },
    {
      "type": "Feature",
      "properties": {
        "area": 2436.92,
        "id": 122,
        "cad_handle": "244846",
        "seq": 47
      },
      "geometry": {
        "type": "Polygon",
        "coordinates": [
          [
            [
              2224732.216583259,
              426003.0744912405,
              0.0
            ],
            [
              2224809.337379571,
              426014.5994311507,
              0.0
            ],
            [
              2224813.956751928,
              425983.6911167414,
              0.0
            ],
            [
              2224736.835150867,
              425972.1660565693,
              0.0
            ],
            [
              2224732.216583259,
              426003.0744912405,
              0.0
            ]
          ]
        ]
      }
    },
    {
      "type": "Feature",
      "properties": {
        "area": 31192.05,
        "id": null,
        "cad_handle": "24484B",
        "seq": 48
      },
      "geometry": {
        "type": "Polygon",
        "coordinates": [
          [
            [
              2224782.878274335,
              426191.6638287811,
              0.0
            ],
            [
              2224859.999575214,
              426203.1889046385,
              0.0
            ],
            [
              2224919.117323115,
              425807.5752730709,
              0.0
            ],
            [
              2224841.99347932,
              425796.0504225835,
              0.0
            ],
            [
              2224782.878274335,
              426191.6638287811,
              0.0
            ]
          ]
        ]
      }
    },
    {
      "type": "Feature",
      "properties": {
        "area": 2764.81,
        "id": 67,
        "cad_handle": "24480E",
        "seq": 49
      },
      "geometry": {
        "type": "Polygon",
        "coordinates": [
          [
            [
              2225333.125972976,
              426045.3744493712,
              0.0
            ],
            [
              2225361.730148716,
              426006.0580312908,
              0.0
            ],
            [
              2225315.747309408,
              425972.6037828935,
              0.0
            ],
            [
              2225287.143133669,
              426011.9202009736,
              0.0
            ],
            [
              2225333.125972976,
              426045.3744493712,
              0.0
            ]
          ]
        ]
      }
    },
    {
      "type": "Feature",
      "properties": {
        "area": 1960.04,
        "id": 103,
        "cad_handle": "244837",
        "seq": 50
      },
      "geometry": {
        "type": "Polygon",
        "coordinates": [
          [
            [
              2224605.223497065,
              426027.2366357324,
              0.0
            ],
            [
              2224654.691931251,
              426034.6816406882,
              0.0
            ],
            [
              2224660.479950642,
              425995.9332122233,
              0.0
            ],
            [
              2224611.005281226,
              425988.4872688645,
              0.0
            ],
            [
              2224605.223497065,
              426027.2366357324,
              0.0
            ]
          ]
        ]
      }
    },
    {
      "type": "Feature",
      "properties": {
        "area": 2500.0,
        "id": 56,
        "cad_handle": "24480D",
        "seq": 51
      },
      "geometry": {
        "type": "Polygon",
        "coordinates": [
          [
            [
              2225426.420881302,
              426053.1229770305,
              0.0
            ],
            [
              2225463.190370161,
              426002.5833421971,
              0.0
            ],
            [
              2225430.845003868,
              425979.0508693274,
              0.0
            ],
            [
              2225394.075515009,
              426029.5905041607,
              0.0
            ],
            [
              2225426.420881302,
              426053.1229770305,
              0.0
            ]
          ]
        ]
      }
    },
    {
      "type": "Feature",
      "properties": {
        "area": 3600.08,
        "id": 48,
        "cad_handle": "2447F8",
        "seq": 52
      },
      "geometry": {
        "type": "Polygon",
        "coordinates": [
          [
            [
              2225540.488245294,
              426035.3090546969,
              0.0
            ],
            [
              2225576.87754643,
              426061.7847547675,
              0.0
            ],
            [
              2225623.947281012,
              425997.1010300337,
              0.0
            ],
            [
              2225587.548100188,
              425970.6280367587,
              0.0
            ],
            [
              2225540.488245294,
              426035.3090546969,
              0.0
            ]
          ]
        ]
      }
    },
    {
      "type": "Feature",
      "properties": {
        "area": 1957.41,
        "id": 111,
        "cad_handle": "24483A",
        "seq": 53
      },
      "geometry": {
        "type": "Polygon",
        "coordinates": [
          [
            [
              2224654.691931251,
              426034.6816406882,
              0.0
            ],
            [
              2224704.139677185,
              426042.0681167238,
              0.0
            ],
            [
              2224709.919738582,
              426003.3738859697,
              0.0
            ],
            [
              2224660.479950642,
              425995.9332122233,
              0.0
            ],
            [
              2224654.691931251,
              426034.6816406882,
              0.0
            ]
          ]
        ]
      }
    },
    {
      "type": "Feature",
      "properties": {
        "area": 2436.92,
        "id": 121,
        "cad_handle": "244844",
        "seq": 54
      },
      "geometry": {
        "type": "Polygon",
        "coordinates": [
          [
            [
              2224727.597632097,
              426033.9828685933,
              0.0
            ],
            [
              2224804.718428409,
              426045.5078085036,
              0.0
            ],
            [
              2224809.337800766,
              426014.5994940943,
              0.0
            ],
            [
              2224732.216199706,
              426003.0744339222,
              0.0
            ],
            [
              2224727.597632097,
              426033.9828685933,
              0.0
            ]
          ]
        ]
      }
    },
    {
      "type": "Feature",
      "properties": {
        "area": 1944.83,
        "id": 68,
        "cad_handle": "244819",
        "seq": 55
      },
      "geometry": {
        "type": "Polygon",
        "coordinates": [
          [
            [
              2225365.471339268,
              426068.9069222404,
              0.0
            ],
            [
              2225394.075515008,
              426029.5905041594,
              0.0
            ],
            [
              2225361.730148715,
              426006.05803129,
              0.0
            ],
            [
              2225333.125972975,
              426045.3744493707,
              0.0
            ],
            [
              2225365.471339268,
              426068.9069222404,
              0.0
            ]
          ]
        ]
      }
    },
    {
      "type": "Feature",
      "properties": {
        "area": 2500.0,
        "id": 57,
        "cad_handle": "24480A",
        "seq": 56
      },
      "geometry": {
        "type": "Polygon",
        "coordinates": [
          [
            [
              2225458.766247595,
              426076.6554499002,
              0.0
            ],
            [
              2225495.535736454,
              426026.1158150668,
              0.0
            ],
            [
              2225463.190370161,
              426002.5833421971,
              0.0
            ],
            [
              2225426.420881302,
              426053.1229770304,
              0.0
            ],
            [
              2225458.766247595,
              426076.6554499002,
              0.0
            ]
          ]
        ]
      }
    },
    {
      "type": "Feature",
      "properties": {
        "area": 3600.08,
        "id": 49,
        "cad_handle": "2447F7",
        "seq": 57
      },
      "geometry": {
        "type": "Polygon",
        "coordinates": [
          [
            [
              2225576.877546971,
              426061.7847551608,
              0.0
            ],
            [
              2225613.266848107,
              426088.2604552314,
              0.0
            ],
            [
              2225660.33658269,
              426023.5767304976,
              0.0
            ],
            [
              2225623.937401865,
              425997.1037372226,
              0.0
            ],
            [
              2225576.877546971,
              426061.7847551608,
              0.0
            ]
          ]
        ]
      }
    },
    {
      "type": "Feature",
      "properties": {
        "area": 1978.09,
        "id": 102,
        "cad_handle": "244838",
        "seq": 58
      },
      "geometry": {
        "type": "Polygon",
        "coordinates": [
          [
            [
              2224599.372046358,
              426066.3789122861,
              0.0
            ],
            [
              2224648.827583592,
              426073.7669962748,
              0.0
            ],
            [
              2224654.691931251,
              426034.6816406882,
              0.0
            ],
            [
              2224605.223497065,
              426027.2366357324,
              0.0
            ],
            [
              2224599.372046358,
              426066.3789122861,
              0.0
            ]
          ]
        ]
      }
    },
    {
      "type": "Feature",
      "properties": {
        "area": 2436.92,
        "id": 120,
        "cad_handle": "244843",
        "seq": 59
      },
      "geometry": {
        "type": "Polygon",
        "coordinates": [
          [
            [
              2224722.979599116,
              426064.8913831592,
              0.0
            ],
            [
              2224800.100395428,
              426076.4163230694,
              0.0
            ],
            [
              2224804.719767785,
              426045.5080086601,
              0.0
            ],
            [
              2224727.598166724,
              426033.9829484881,
              0.0
            ],
            [
              2224722.979599116,
              426064.8913831592,
              0.0
            ]
          ]
        ]
      }
    },
    {
      "type": "Feature",
      "properties": {
        "area": 1976.47,
        "id": 110,
        "cad_handle": "244839",
        "seq": 60
      },
      "geometry": {
        "type": "Polygon",
        "coordinates": [
          [
            [
              2224648.827583592,
              426073.7669962748,
              0.0
            ],
            [
              2224698.300501054,
              426081.157676668,
              0.0
            ],
            [
              2224704.139429801,
              426042.0697728008,
              0.0
            ],
            [
              2224654.691931251,
              426034.6816406882,
              0.0
            ],
            [
              2224648.827583592,
              426073.7669962748,
              0.0
            ]
          ]
        ]
      }
    },
    {
      "type": "Feature",
      "properties": {
        "area": 4369.9,
        "id": 76,
        "cad_handle": "244802",
        "seq": 61
      },
      "geometry": {
        "type": "Polygon",
        "coordinates": [
          [
            [
              2225232.796858214,
              426076.8784311042,
              0.0
            ],
            [
              2225273.477465048,
              426106.4751055691,
              0.0
            ],
            [
              2225312.011889372,
              426053.5095682645,
              0.0
            ],
            [
              2225251.702813557,
              426009.6324429423,
              0.0
            ],
            [
              2225242.235950926,
              426013.707981304,
              0.0
            ],
            [
              2225232.796858214,
              426076.8784311042,
              0.0
            ]
          ]
        ]
      }
    },
    {
      "type": "Feature",
      "properties": {
        "area": 1944.83,
        "id": 69,
        "cad_handle": "244818",
        "seq": 62
      },
      "geometry": {
        "type": "Polygon",
        "coordinates": [
          [
            [
              2225397.816705562,
              426092.4393951104,
              0.0
            ],
            [
              2225426.420881301,
              426053.1229770293,
              0.0
            ],
            [
              2225394.075515008,
              426029.5905041599,
              0.0
            ],
            [
              2225365.471339268,
              426068.9069222407,
              0.0
            ],
            [
              2225397.816705562,
              426092.4393951104,
              0.0
            ]
          ]
        ]
      }
    },
    {
      "type": "Feature",
      "properties": {
        "area": 2500.0,
        "id": 58,
        "cad_handle": "24480B",
        "seq": 63
      },
      "geometry": {
        "type": "Polygon",
        "coordinates": [
          [
            [
              2225491.111613888,
              426100.1879227698,
              0.0
            ],
            [
              2225527.881102747,
              426049.6482879364,
              0.0
            ],
            [
              2225495.535736454,
              426026.1158150667,
              0.0
            ],
            [
              2225458.766247595,
              426076.6554499,
              0.0
            ],
            [
              2225491.111613888,
              426100.1879227698,
              0.0
            ]
          ]
        ]
      }
    },
    {
      "type": "Feature",
      "properties": {
        "area": 3600.08,
        "id": 50,
        "cad_handle": "2447F6",
        "seq": 64
      },
      "geometry": {
        "type": "Polygon",
        "coordinates": [
          [
            [
              2225613.266848649,
              426088.2604556246,
              0.0
            ],
            [
              2225649.656149785,
              426114.7361556951,
              0.0
            ],
            [
              2225696.725884367,
              426050.0524309614,
              0.0
            ],
            [
              2225660.326703543,
              426023.5794376863,
              0.0
            ],
            [
              2225613.266848649,
              426088.2604556246,
              0.0
            ]
          ]
        ]
      }
    },
    {
      "type": "Feature",
      "properties": {
        "area": 20100.06,
        "id": 14,
        "cad_handle": "244849",
        "seq": 65
      },
      "geometry": {
        "type": "Polygon",
        "coordinates": [
          [
            [
              2224377.77270663,
              425995.5927785757,
              0.0
            ],
            [
              2224443.75,
              426099.5,
              0.0
            ],
            [
              2224499.75,
              426145.0,
              0.0
            ],
            [
              2224509.508118595,
              426163.7558643113,
              0.0
            ],
            [
              2224561.446022397,
              426171.5097251173,
              0.0
            ],
            [
              2224583.168921237,
              426026.2565817237,
              0.0
            ],
            [
              2224377.77270663,
              425995.5927785757,
              0.0
            ]
          ]
        ]
      }
    },
    {
      "type": "Feature",
      "properties": {
        "area": 1944.83,
        "id": 70,
        "cad_handle": "244817",
        "seq": 66
      },
      "geometry": {
        "type": "Polygon",
        "coordinates": [
          [
            [
              2225430.162071855,
              426115.9718679802,
              0.0
            ],
            [
              2225458.766247595,
              426076.6554498991,
              0.0
            ],
            [
              2225426.420881302,
              426053.1229770297,
              0.0
            ],
            [
              2225397.816705562,
              426092.4393951105,
              0.0
            ],
            [
              2225430.162071855,
              426115.9718679802,
              0.0
            ]
          ]
        ]
      }
    },
    {
      "type": "Feature",
      "properties": {
        "area": 2500.0,
        "id": 59,
        "cad_handle": "244808",
        "seq": 67
      },
      "geometry": {
        "type": "Polygon",
        "coordinates": [
          [
            [
              2225523.456980182,
              426123.7203956395,
              0.0
            ],
            [
              2225560.226469041,
              426073.180760806,
              0.0
            ],
            [
              2225527.881102747,
              426049.6482879364,
              0.0
            ],
            [
              2225491.111613888,
              426100.1879227697,
              0.0
            ],
            [
              2225523.456980182,
              426123.7203956395,
              0.0
            ]
          ]
        ]
      }
    },
    {
      "type": "Feature",
      "properties": {
        "area": 2686.85,
        "id": 119,
        "cad_handle": "24483D",
        "seq": 68
      },
      "geometry": {
        "type": "Polygon",
        "coordinates": [
          [
            [
              2224717.887531459,
              426098.969327114,
              0.0
            ],
            [
              2224795.00832777,
              426110.4942670243,
              0.0
            ],
            [
              2224800.100575314,
              426076.4151191396,
              0.0
            ],
            [
              2224722.979599115,
              426064.8913831675,
              0.0
            ],
            [
              2224717.887531459,
              426098.969327114,
              0.0
            ]
          ]
        ]
      }
    },
    {
      "type": "Feature",
      "properties": {
        "area": 2816.5,
        "id": 77,
        "cad_handle": "244800",
        "seq": 69
      },
      "geometry": {
        "type": "Polygon",
        "coordinates": [
          [
            [
              2225273.477465048,
              426106.4751055693,
              0.0
            ],
            [
              2225308.248733813,
              426131.7725139043,
              0.0
            ],
            [
              2225346.783158137,
              426078.8069765995,
              0.0
            ],
            [
              2225312.011889372,
              426053.5095682646,
              0.0
            ],
            [
              2225273.477465048,
              426106.4751055693,
              0.0
            ]
          ]
        ]
      }
    },
    {
      "type": "Feature",
      "properties": {
        "area": 2299.44,
        "id": 101,
        "cad_handle": "24482F",
        "seq": 70
      },
      "geometry": {
        "type": "Polygon",
        "coordinates": [
          [
            [
              2224592.574826945,
              426111.847746493,
              0.0
            ],
            [
              2224642.040202354,
              426119.2480602435,
              0.0
            ],
            [
              2224648.827583592,
              426073.7669962748,
              0.0
            ],
            [
              2224599.372046358,
              426066.3789122861,
              0.0
            ],
            [
              2224592.574826945,
              426111.847746493,
              0.0
            ]
          ]
        ]
      }
    },
    {
      "type": "Feature",
      "properties": {
        "area": 3600.08,
        "id": 51,
        "cad_handle": "2447F5",
        "seq": 71
      },
      "geometry": {
        "type": "Polygon",
        "coordinates": [
          [
            [
              2225649.656150326,
              426114.7361560884,
              0.0
            ],
            [
              2225686.045451462,
              426141.2118561589,
              0.0
            ],
            [
              2225733.115186045,
              426076.5281314252,
              0.0
            ],
            [
              2225696.71600522,
              426050.0551381501,
              0.0
            ],
            [
              2225649.656150326,
              426114.7361560884,
              0.0
            ]
          ]
        ]
      }
    },
    {
      "type": "Feature",
      "properties": {
        "area": 2300.37,
        "id": 109,
        "cad_handle": "244830",
        "seq": 72
      },
      "geometry": {
        "type": "Polygon",
        "coordinates": [
          [
            [
              2224642.040202354,
              426119.2480602435,
              0.0
            ],
            [
              2224691.505577762,
              426126.6483739941,
              0.0
            ],
            [
              2224698.300501054,
              426081.157676668,
              0.0
            ],
            [
              2224648.827583592,
              426073.7669962748,
              0.0
            ],
            [
              2224642.040202354,
              426119.2480602435,
              0.0
            ]
          ]
        ]
      }
    },
    {
      "type": "Feature",
      "properties": {
        "area": 1944.83,
        "id": 71,
        "cad_handle": "244816",
        "seq": 73
      },
      "geometry": {
        "type": "Polygon",
        "coordinates": [
          [
            [
              2225462.507438148,
              426139.5043408502,
              0.0
            ],
            [
              2225491.111613888,
              426100.1879227691,
              0.0
            ],
            [
              2225458.766247595,
              426076.6554498998,
              0.0
            ],
            [
              2225430.162071855,
              426115.9718679805,
              0.0
            ],
            [
              2225462.507438148,
              426139.5043408502,
              0.0
            ]
          ]
        ]
      }
    },
    {
      "type": "Feature",
      "properties": {
        "area": 2500.0,
        "id": 60,
        "cad_handle": "244809",
        "seq": 74
      },
      "geometry": {
        "type": "Polygon",
        "coordinates": [
          [
            [
              2225555.802346475,
              426147.2528685091,
              0.0
            ],
            [
              2225592.571835334,
              426096.7132336757,
              0.0
            ],
            [
              2225560.226469041,
              426073.180760806,
              0.0
            ],
            [
              2225523.456980182,
              426123.7203956393,
              0.0
            ],
            [
              2225555.802346475,
              426147.2528685091,
              0.0
            ]
          ]
        ]
      }
    },
    {
      "type": "Feature",
      "properties": {
        "area": 2816.5,
        "id": 78,
        "cad_handle": "2447FF",
        "seq": 75
      },
      "geometry": {
        "type": "Polygon",
        "coordinates": [
          [
            [
              2225308.248733813,
              426131.7725139042,
              0.0
            ],
            [
              2225343.020002578,
              426157.0699222393,
              0.0
            ],
            [
              2225381.554426902,
              426104.1043849344,
              0.0
            ],
            [
              2225346.783158137,
              426078.8069765995,
              0.0
            ],
            [
              2225308.248733813,
              426131.7725139042,
              0.0
            ]
          ]
        ]
      }
    },
    {
      "type": "Feature",
      "properties": {
        "area": 2929.81,
        "id": 118,
        "cad_handle": "24483F",
        "seq": 76
      },
      "geometry": {
        "type": "Polygon",
        "coordinates": [
          [
            [
              2224795.009584184,
              426110.4956856154,
              0.0
            ],
            [
              2224789.456459941,
              426147.6552392119,
              0.0
            ],
            [
              2224712.334756008,
              426136.130163667,
              0.0
            ],
            [
              2224717.887883531,
              426098.9706105605,
              0.0
            ],
            [
              2224795.009584184,
              426110.4956856154,
              0.0
            ]
          ]
        ]
      }
    },
    {
      "type": "Feature",
      "properties": {
        "area": 3867.6,
        "id": 52,
        "cad_handle": "2447F4",
        "seq": 77
      },
      "geometry": {
        "type": "Polygon",
        "coordinates": [
          [
            [
              2225686.040964281,
              426141.2180246632,
              0.0
            ],
            [
              2225727.838650206,
              426171.6286937783,
              0.0
            ],
            [
              2225731.25,
              426166.01,
              0.0
            ],
            [
              2225769.5,
              426103.01,
              0.0
            ],
            [
              2225733.100819175,
              426076.537006725,
              0.0
            ],
            [
              2225686.040964281,
              426141.2180246632,
              0.0
            ]
          ]
        ]
      }
    },
    {
      "type": "Feature",
      "properties": {
        "area": 60000.0,
        "id": 33,
        "cad_handle": "24481C",
        "seq": 78
      },
      "geometry": {
        "type": "Polygon",
        "coordinates": [
          [
            [
              2224881.794151391,
              426206.4535695993,
              0.0
            ],
            [
              2225178.500102194,
              426250.7884177157,
              0.0
            ],
            [
              2225208.056667606,
              426052.9844505131,
              0.0
            ],
            [
              2224911.350716803,
              426008.6496023967,
              0.0
            ],
            [
              2224881.794151391,
              426206.4535695993,
              0.0
            ]
          ]
        ]
      }
    },
    {
      "type": "Feature",
      "properties": {
        "area": 1944.83,
        "id": 72,
        "cad_handle": "244807",
        "seq": 79
      },
      "geometry": {
        "type": "Polygon",
        "coordinates": [
          [
            [
              2225494.852804442,
              426163.0368137201,
              0.0
            ],
            [
              2225523.456980182,
              426123.720395639,
              0.0
            ],
            [
              2225491.111613888,
              426100.1879227697,
              0.0
            ],
            [
              2225462.507438148,
              426139.5043408504,
              0.0
            ],
            [
              2225494.852804442,
              426163.0368137201,
              0.0
            ]
          ]
        ]
      }
    },
    {
      "type": "Feature",
      "properties": {
        "area": 2500.0,
        "id": 61,
        "cad_handle": "244805",
        "seq": 80
      },
      "geometry": {
        "type": "Polygon",
        "coordinates": [
          [
            [
              2225588.147712767,
              426170.7853413792,
              0.0
            ],
            [
              2225624.917201626,
              426120.2457065457,
              0.0
            ],
            [
              2225592.571835333,
              426096.7132336761,
              0.0
            ],
            [
              2225555.802346474,
              426147.2528685094,
              0.0
            ],
            [
              2225588.147712767,
              426170.7853413792,
              0.0
            ]
          ]
        ]
      }
    },
    {
      "type": "Feature",
      "properties": {
        "area": 5310.86,
        "id": 82,
        "cad_handle": "24481B",
        "seq": 81
      },
      "geometry": {
        "type": "Polygon",
        "coordinates": [
          [
            [
              2225221.880260361,
              426149.9369779071,
              0.0
            ],
            [
              2225273.636897648,
              426187.5918819125,
              0.0
            ],
            [
              2225312.171321972,
              426134.6263446076,
              0.0
            ],
            [
              2225232.796858214,
              426076.8784311042,
              0.0
            ],
            [
              2225221.880260361,
              426149.9369779071,
              0.0
            ]
          ]
        ]
      }
    },
    {
      "type": "Feature",
      "properties": {
        "area": 2816.5,
        "id": 79,
        "cad_handle": "2447FE",
        "seq": 82
      },
      "geometry": {
        "type": "Polygon",
        "coordinates": [
          [
            [
              2225343.020002578,
              426157.0699222393,
              0.0
            ],
            [
              2225377.791271343,
              426182.3673305743,
              0.0
            ],
            [
              2225416.325695667,
              426129.4017932695,
              0.0
            ],
            [
              2225381.554426902,
              426104.1043849346,
              0.0
            ],
            [
              2225343.020002578,
              426157.0699222393,
              0.0
            ]
          ]
        ]
      }
    },
    {
      "type": "Feature",
      "properties": {
        "area": 5079.71,
        "id": 100,
        "cad_handle": "24482C",
        "seq": 83
      },
      "geometry": {
        "type": "Polygon",
        "coordinates": [
          [
            [
              2224585.07,
              426162.05,
              0.0
            ],
            [
              2224684.000059935,
              426176.8900090782,
              0.0
            ],
            [
              2224691.505577762,
              426126.6483739941,
              0.0
            ],
            [
              2224592.574826945,
              426111.847746493,
              0.0
            ],
            [
              2224585.07,
              426162.05,
              0.0
            ]
          ]
        ]
      }
    },
    {
      "type": "Feature",
      "properties": {
        "area": 1944.83,
        "id": 73,
        "cad_handle": "244815",
        "seq": 84
      },
      "geometry": {
        "type": "Polygon",
        "coordinates": [
          [
            [
              2225523.456980182,
              426123.7203956393,
              0.0
            ],
            [
              2225494.852804442,
              426163.0368137201,
              0.0
            ],
            [
              2225527.198170735,
              426186.5692865891,
              0.0
            ],
            [
              2225555.802346474,
              426147.2528685095,
              0.0
            ],
            [
              2225523.456980182,
              426123.7203956393,
              0.0
            ]
          ]
        ]
      }
    },
    {
      "type": "Feature",
      "properties": {
        "area": 2500.0,
        "id": 62,
        "cad_handle": "244806",
        "seq": 85
      },
      "geometry": {
        "type": "Polygon",
        "coordinates": [
          [
            [
              2225620.49307906,
              426194.3178142488,
              0.0
            ],
            [
              2225657.262567919,
              426143.7781794154,
              0.0
            ],
            [
              2225624.917201626,
              426120.2457065457,
              0.0
            ],
            [
              2225588.147712767,
              426170.785341379,
              0.0
            ],
            [
              2225620.49307906,
              426194.3178142488,
              0.0
            ]
          ]
        ]
      }
    },
    {
      "type": "Feature",
      "properties": {
        "area": 3469.9,
        "id": 117,
        "cad_handle": "24483E",
        "seq": 86
      },
      "geometry": {
        "type": "Polygon",
        "coordinates": [
          [
            [
              2224705.758636534,
              426180.1402928187,
              0.0
            ],
            [
              2224782.879509507,
              426191.6640133664,
              0.0
            ],
            [
              2224789.456405056,
              426147.6540001791,
              0.0
            ],
            [
              2224712.334811245,
              426136.1301719208,
              0.0
            ],
            [
              2224705.758636534,
              426180.1402928187,
              0.0
            ]
          ]
        ]
      }
    },
    {
      "type": "Feature",
      "properties": {
        "area": 2816.5,
        "id": 80,
        "cad_handle": "2447FD",
        "seq": 87
      },
      "geometry": {
        "type": "Polygon",
        "coordinates": [
          [
            [
              2225377.791271343,
              426182.3673305742,
              0.0
            ],
            [
              2225412.562540108,
              426207.6647389092,
              0.0
            ],
            [
              2225451.096964432,
              426154.6992016044,
              0.0
            ],
            [
              2225416.325695667,
              426129.4017932695,
              0.0
            ],
            [
              2225377.791271343,
              426182.3673305742,
              0.0
            ]
          ]
        ]
      }
    },
    {
      "type": "Feature",
      "properties": {
        "area": 2500.0,
        "id": 63,
        "cad_handle": "244804",
        "seq": 88
      },
      "geometry": {
        "type": "Polygon",
        "coordinates": [
          [
            [
              2225652.838445353,
              426217.8502871187,
              0.0
            ],
            [
              2225689.607934212,
              426167.3106522852,
              0.0
            ],
            [
              2225657.262567919,
              426143.7781794155,
              0.0
            ],
            [
              2225620.49307906,
              426194.3178142488,
              0.0
            ],
            [
              2225652.838445353,
              426217.8502871187,
              0.0
            ]
          ]
        ]
      }
    },
    {
      "type": "Feature",
      "properties": {
        "area": 3000.33,
        "id": 74,
        "cad_handle": "244814",
        "seq": 89
      },
      "geometry": {
        "type": "Polygon",
        "coordinates": [
          [
            [
              2225555.802346475,
              426147.2528685091,
              0.0
            ],
            [
              2225527.198170735,
              426186.5692865891,
              0.0
            ],
            [
              2225577.098000057,
              426222.8732928278,
              0.0
            ],
            [
              2225605.702175796,
              426183.5568747487,
              0.0
            ],
            [
              2225588.147712767,
              426170.785341379,
              0.0
            ],
            [
              2225555.802346475,
              426147.2528685091,
              0.0
            ]
          ]
        ]
      }
    },
    {
      "type": "Feature",
      "properties": {
        "area": 2761.18,
        "id": 81,
        "cad_handle": "2447FC",
        "seq": 90
      },
      "geometry": {
        "type": "Polygon",
        "coordinates": [
          [
            [
              2225412.562540108,
              426207.6647389092,
              0.0
            ],
            [
              2225437.934954259,
              426226.1241263299,
              0.0
            ],
            [
              2225493.901085077,
              426185.8408123898,
              0.0
            ],
            [
              2225451.096964432,
              426154.6992016045,
              0.0
            ],
            [
              2225412.562540108,
              426207.6647389092,
              0.0
            ]
          ]
        ]
      }
    },
    {
      "type": "Feature",
      "properties": {
        "area": 10000.0,
        "id": 84,
        "cad_handle": "24488D",
        "seq": 91
      },
      "geometry": {
        "type": "Polygon",
        "coordinates": [
          [
            [
              2225262.461484911,
              426202.95247833,
              0.0
            ],
            [
              2225312.171321972,
              426134.6263446079,
              0.0
            ],
            [
              2225437.934954259,
              426226.12412633,
              0.0
            ],
            [
              2225404.75,
              426250.01,
              0.0
            ],
            [
              2225316.956761699,
              426232.0220979391,
              0.0
            ],
            [
              2225293.307653641,
              426225.399508533,
              0.0
            ],
            [
              2225262.461484911,
              426202.95247833,
              0.0
            ]
          ]
        ]
      }
    },
    {
      "type": "Feature",
      "properties": {
        "area": 1500.1,
        "id": 29,
        "cad_handle": "244820",
        "seq": 92
      },
      "geometry": {
        "type": "Polygon",
        "coordinates": [
          [
            [
              2224583.045402954,
              426183.3132507417,
              0.0
            ],
            [
              2224578.180699438,
              426215.9527131889,
              0.0
            ],
            [
              2224623.132953523,
              426222.6696607424,
              0.0
            ],
            [
              2224628.009811453,
              426190.0320051821,
              0.0
            ],
            [
              2224583.045402954,
              426183.3132507417,
              0.0
            ]
          ]
        ]
      }
    },
    {
      "type": "Feature",
      "properties": {
        "area": 3600.36,
        "id": 28,
        "cad_handle": "24481F",
        "seq": 93
      },
      "geometry": {
        "type": "Polygon",
        "coordinates": [
          [
            [
              2224509.508118595,
              426163.7558643113,
              0.0
            ],
            [
              2224557.5,
              426256.0,
              0.0
            ],
            [
              2224571.807789652,
              426258.5196107564,
              0.0
            ],
            [
              2224578.180699438,
              426215.9527131889,
              0.0
            ],
            [
              2224583.045402954,
              426183.3132507417,
              0.0
            ],
            [
              2224560.197218659,
              426179.8521500365,
              0.0
            ],
            [
              2224561.446022397,
              426171.5097251173,
              0.0
            ],
            [
              2224509.508118595,
              426163.7558643113,
              0.0
            ]
          ]
        ]
      }
    },
    {
      "type": "Feature",
      "properties": {
        "area": 3121.74,
        "id": 64,
        "cad_handle": "244812",
        "seq": 94
      },
      "geometry": {
        "type": "Polygon",
        "coordinates": [
          [
            [
              2225684.307946867,
              426251.0855297915,
              0.0
            ],
            [
              2225725.996471293,
              426193.7846842628,
              0.0
            ],
            [
              2225689.607934214,
              426167.3106522843,
              0.0
            ],
            [
              2225652.838445353,
              426217.8502871187,
              0.0
            ],
            [
              2225653.75,
              426226.51,
              0.0
            ],
            [
              2225684.307946867,
              426251.0855297915,
              0.0
            ]
          ]
        ]
      }
    },
    {
      "type": "Feature",
      "properties": {
        "area": 1500.15,
        "id": 89,
        "cad_handle": "244822",
        "seq": 95
      },
      "geometry": {
        "type": "Polygon",
        "coordinates": [
          [
            [
              2224646.801264293,
              426192.839372137,
              0.0
            ],
            [
              2224641.934428446,
              426225.4515078976,
              0.0
            ],
            [
              2224686.930089887,
              426232.1746397741,
              0.0
            ],
            [
              2224691.797066543,
              426199.5615627744,
              0.0
            ],
            [
              2224646.801264293,
              426192.839372137,
              0.0
            ]
          ]
        ]
      }
    },
    {
      "type": "Feature",
      "properties": {
        "area": 1500.06,
        "id": 90,
        "cad_handle": "244824",
        "seq": 96
      },
      "geometry": {
        "type": "Polygon",
        "coordinates": [
          [
            [
              2224691.797066543,
              426199.5615627744,
              0.0
            ],
            [
              2224686.930089887,
              426232.1746397741,
              0.0
            ],
            [
              2224732.211114858,
              426238.9404081147,
              0.0
            ],
            [
              2224736.5,
              426206.24,
              0.0
            ],
            [
              2224691.797066543,
              426199.5615627744,
              0.0
            ]
          ]
        ]
      }
    },
    {
      "type": "Feature",
      "properties": {
        "area": 3975.55,
        "id": 86,
        "cad_handle": "24481A",
        "seq": 97
      },
      "geometry": {
        "type": "Polygon",
        "coordinates": [
          [
            [
              2225263.580052477,
              426259.3015064002,
              0.0
            ],
            [
              2225316.956761699,
              426232.0220979391,
              0.0
            ],
            [
              2225293.307653641,
              426225.399508533,
              0.0
            ],
            [
              2225262.461484911,
              426202.95247833,
              0.0
            ],
            [
              2225227.290378653,
              426177.3694532074,
              0.0
            ],
            [
              2225217.187900094,
              426181.3402618647,
              0.0
            ],
            [
              2225211.229758718,
              426221.2146949403,
              0.0
            ],
            [
              2225263.580052477,
              426259.3015064002,
              0.0
            ]
          ]
        ]
      }
    },
    {
      "type": "Feature",
      "properties": {
        "area": 4225.77,
        "id": 75,
        "cad_handle": "244813",
        "seq": 98
      },
      "geometry": {
        "type": "Polygon",
        "coordinates": [
          [
            [
              2225605.702175796,
              426183.5568747487,
              0.0
            ],
            [
              2225562.326627577,
              426243.1765332115,
              0.0
            ],
            [
              2225596.75,
              426273.51,
              0.0
            ],
            [
              2225653.75,
              426226.51,
              0.0
            ],
            [
              2225652.838445353,
              426217.8502871187,
              0.0
            ],
            [
              2225620.49307906,
              426194.317814249,
              0.0
            ],
            [
              2225605.702175796,
              426183.5568747487,
              0.0
            ]
          ]
        ]
      }
    },
    {
      "type": "Feature",
      "properties": {
        "area": 1700.43,
        "id": 95,
        "cad_handle": "24484A",
        "seq": 99
      },
      "geometry": {
        "type": "Polygon",
        "coordinates": [
          [
            [
              2224750.369481341,
              426246.5982485664,
              0.0
            ],
            [
              2224794.45315665,
              426253.1892723443,
              0.0
            ],
            [
              2224800.052030726,
              426215.7493090484,
              0.0
            ],
            [
              2224755.293896889,
              426209.0521359417,
              0.0
            ],
            [
              2224750.369481341,
              426246.5982485664,
              0.0
            ]
          ]
        ]
      }
    },
    {
      "type": "Feature",
      "properties": {
        "area": 2128.1,
        "id": 96,
        "cad_handle": "2447DE",
        "seq": 100
      },
      "geometry": {
        "type": "Polygon",
        "coordinates": [
          [
            [
              2224794.45315665,
              426253.1892723443,
              0.0
            ],
            [
              2224850.0493968,
              426261.5015602807,
              0.0
            ],
            [
              2224855.651377354,
              426224.0627425692,
              0.0
            ],
            [
              2224800.052030726,
              426215.7493090484,
              0.0
            ],
            [
              2224794.45315665,
              426253.1892723443,
              0.0
            ]
          ]
        ]
      }
    },
    {
      "type": "Feature",
      "properties": {
        "area": 1872.97,
        "id": 30,
        "cad_handle": "244821",
        "seq": 101
      },
      "geometry": {
        "type": "Polygon",
        "coordinates": [
          [
            [
              2224578.180699438,
              426215.9527131889,
              0.0
            ],
            [
              2224571.807789652,
              426258.5196107564,
              0.0
            ],
            [
              2224597.25,
              426263.0,
              0.0
            ],
            [
              2224618.275888568,
              426255.2579598986,
              0.0
            ],
            [
              2224623.132953523,
              426222.6696607424,
              0.0
            ],
            [
              2224578.180699438,
              426215.9527131889,
              0.0
            ]
          ]
        ]
      }
    },
    {
      "type": "Feature",
      "properties": {
        "area": 1500.22,
        "id": 32,
        "cad_handle": "244823",
        "seq": 102
      },
      "geometry": {
        "type": "Polygon",
        "coordinates": [
          [
            [
              2224641.934428446,
              426225.4515078976,
              0.0
            ],
            [
              2224637.067282852,
              426258.0657192328,
              0.0
            ],
            [
              2224682.062948898,
              426264.7888500142,
              0.0
            ],
            [
              2224686.930089887,
              426232.1746397741,
              0.0
            ],
            [
              2224641.934428446,
              426225.4515078976,
              0.0
            ]
          ]
        ]
      }
    },
    {
      "type": "Feature",
      "properties": {
        "area": 1519.37,
        "id": 91,
        "cad_handle": "244825",
        "seq": 103
      },
      "geometry": {
        "type": "Polygon",
        "coordinates": [
          [
            [
              2224686.930089887,
              426232.1746397741,
              0.0
            ],
            [
              2224682.062948898,
              426264.7888500142,
              0.0
            ],
            [
              2224727.922203532,
              426271.6410158679,
              0.0
            ],
            [
              2224732.211114858,
              426238.9404081147,
              0.0
            ],
            [
              2224686.930089887,
              426232.1746397741,
              0.0
            ]
          ]
        ]
      }
    },
    {
      "type": "Feature",
      "properties": {
        "area": 2037.33,
        "id": 88,
        "cad_handle": "244801",
        "seq": 104
      },
      "geometry": {
        "type": "Polygon",
        "coordinates": [
          [
            [
              2225200.739882714,
              426291.4174364326,
              0.0
            ],
            [
              2225263.580052477,
              426259.3015064002,
              0.0
            ],
            [
              2225211.229758718,
              426221.2146949403,
              0.0
            ],
            [
              2225200.739882714,
              426291.4174364326,
              0.0
            ]
          ]
        ]
      }
    },
    {
      "type": "Feature",
      "properties": {
        "area": 1700.24,
        "id": 94,
        "cad_handle": "244826",
        "seq": 105
      },
      "geometry": {
        "type": "Polygon",
        "coordinates": [
          [
            [
              2224750.36945995,
              426246.5982453723,
              0.0
            ],
            [
              2224745.36129014,
              426284.7045815398,
              0.0
            ],
            [
              2224788.79114253,
              426291.1960638946,
              0.0
            ],
            [
              2224794.458805187,
              426253.1901174853,
              0.0
            ],
            [
              2224750.36945995,
              426246.5982453723,
              0.0
            ]
          ]
        ]
      }
    },
    {
      "type": "Feature",
      "properties": {
        "area": 2159.17,
        "id": 97,
        "cad_handle": "244827",
        "seq": 106
      },
      "geometry": {
        "type": "Polygon",
        "coordinates": [
          [
            [
              2224794.453156559,
              426253.1892729494,
              0.0
            ],
            [
              2224788.79114253,
              426291.1960638946,
              0.0
            ],
            [
              2224844.351849843,
              426299.5007513688,
              0.0
            ],
            [
              2224850.048507345,
              426261.507515254,
              0.0
            ],
            [
              2224794.453156559,
              426253.1892729494,
              0.0
            ]
          ]
        ]
      }
    },
    {
      "type": "Feature",
      "properties": {
        "area": 4265.2,
        "id": 129,
        "cad_handle": "2448AA",
        "seq": 107
      },
      "geometry": {
        "type": "Polygon",
        "coordinates": [
          [
            [
              2224860.418039111,
              426320.6997336067,
              0.0
            ],
            [
              2224904.85347577,
              426327.3610809376,
              0.0
            ],
            [
              2224918.88188743,
              426233.4775243954,
              0.0
            ],
            [
              2224874.446450771,
              426226.8161770646,
              0.0
            ],
            [
              2224860.418039111,
              426320.6997336067,
              0.0
            ]
          ]
        ]
      }
    },
    {
      "type": "Feature",
      "properties": {
        "area": 4265.2,
        "id": 130,
        "cad_handle": "2448AB",
        "seq": 108
      },
      "geometry": {
        "type": "Polygon",
        "coordinates": [
          [
            [
              2224904.85347577,
              426327.3610809376,
              0.0
            ],
            [
              2224949.288912429,
              426334.0224282684,
              0.0
            ],
            [
              2224963.31727278,
              426240.1391722324,
              0.0
            ],
            [
              2224918.88188743,
              426233.4775243954,
              0.0
            ],
            [
              2224904.85347577,
              426327.3610809376,
              0.0
            ]
          ]
        ]
      }
    },
    {
      "type": "Feature",
      "properties": {
        "area": 3788.62,
        "id": 31,
        "cad_handle": "24481E",
        "seq": 109
      },
      "geometry": {
        "type": "Polygon",
        "coordinates": [
          [
            [
              2224597.25,
              426263.0,
              0.0
            ],
            [
              2224622.25,
              426315.0,
              0.0
            ],
            [
              2224674.882337208,
              426312.9053890276,
              0.0
            ],
            [
              2224682.062948898,
              426264.7888500142,
              0.0
            ],
            [
              2224637.067282852,
              426258.0657192328,
              0.0
            ],
            [
              2224618.275888568,
              426255.2579598986,
              0.0
            ],
            [
              2224597.25,
              426263.0,
              0.0
            ]
          ]
        ]
      }
    },
    {
      "type": "Feature",
      "properties": {
        "area": 4132.14,
        "id": 131,
        "cad_handle": "2448AC",
        "seq": 110
      },
      "geometry": {
        "type": "Polygon",
        "coordinates": [
          [
            [
              2224949.288109851,
              426334.0277994299,
              0.0
            ],
            [
              2224972.134123185,
              426337.4471697617,
              0.0
            ],
            [
              2224999.0,
              426316.51,
              0.0
            ],
            [
              2225009.383045753,
              426247.0226419946,
              0.0
            ],
            [
              2224963.31727278,
              426240.1391722324,
              0.0
            ],
            [
              2224949.288109851,
              426334.0277994299,
              0.0
            ]
          ]
        ]
      }
    },
    {
      "type": "Feature",
      "properties": {
        "area": 4117.01,
        "id": 19,
        "cad_handle": "2447E0",
        "seq": 111
      },
      "geometry": {
        "type": "Polygon",
        "coordinates": [
          [
            [
              2225063.896082691,
              426255.1722858561,
              0.0
            ],
            [
              2225053.177951073,
              426326.8659591887,
              0.0
            ],
            [
              2225046.498234782,
              426326.4784746639,
              0.0
            ],
            [
              2225016.863375179,
              426326.9550188072,
              0.0
            ],
            [
              2224999.0,
              426316.51,
              0.0
            ],
            [
              2225009.383045753,
              426247.0226419946,
              0.0
            ],
            [
              2225063.896082691,
              426255.1722858561,
              0.0
            ]
          ]
        ]
      }
    },
    {
      "type": "Feature",
      "properties": {
        "area": 1810.08,
        "id": 21,
        "cad_handle": "2448BD",
        "seq": 112
      },
      "geometry": {
        "type": "Polygon",
        "coordinates": [
          [
            [
              2225114.070038804,
              426331.8852252133,
              0.0
            ],
            [
              2225176.488283042,
              426271.9916579943,
              0.0
            ],
            [
              2225176.488283042,
              426271.9916579943,
              0.0
            ],
            [
              2225176.488283042,
              426271.9916579943,
              0.0
            ],
            [
              2225176.488283042,
              426271.9916579943,
              0.0
            ],
            [
              2225124.192866314,
              426264.1735461102,
              0.0
            ],
            [
              2225114.070038804,
              426331.8852252133,
              0.0
            ]
          ]
        ]
      }
    },
    {
      "type": "Feature",
      "properties": {
        "area": 2065.16,
        "id": 92,
        "cad_handle": "24482B",
        "seq": 113
      },
      "geometry": {
        "type": "Polygon",
        "coordinates": [
          [
            [
              2224674.882337208,
              426312.9053890276,
              0.0
            ],
            [
              2224722.76,
              426311.0,
              0.0
            ],
            [
              2224722.76,
              426311.0,
              0.0
            ],
            [
              2224725.320027561,
              426291.4710107236,
              0.0
            ],
            [
              2224727.922203532,
              426271.6410158679,
              0.0
            ],
            [
              2224682.062948898,
              426264.7888500142,
              0.0
            ],
            [
              2224674.882337208,
              426312.9053890276,
              0.0
            ]
          ]
        ]
      }
    },
    {
      "type": "Feature",
      "properties": {
        "area": 4279.32,
        "id": 20,
        "cad_handle": "2447DF",
        "seq": 114
      },
      "geometry": {
        "type": "Polygon",
        "coordinates": [
          [
            [
              2225053.177951073,
              426326.8659591887,
              0.0
            ],
            [
              2225079.967549519,
              426328.5037852308,
              0.0
            ],
            [
              2225114.075037095,
              426331.8859724524,
              0.0
            ],
            [
              2225124.192225604,
              426264.1778339924,
              0.0
            ],
            [
              2225063.896082691,
              426255.1722858561,
              0.0
            ],
            [
              2225053.177951073,
              426326.8659591887,
              0.0
            ]
          ]
        ]
      }
    },
    {
      "type": "Feature",
      "properties": {
        "area": 2782.18,
        "id": 93,
        "cad_handle": "24482A",
        "seq": 115
      },
      "geometry": {
        "type": "Polygon",
        "coordinates": [
          [
            [
              2224745.36129014,
              426284.7045815398,
              0.0
            ],
            [
              2224744.146812264,
              426293.9453429277,
              0.0
            ],
            [
              2224725.320027561,
              426291.4710107236,
              0.0
            ],
            [
              2224722.76,
              426311.0,
              0.0
            ],
            [
              2224779.120610408,
              426355.8634171364,
              0.0
            ],
            [
              2224783.276497043,
              426328.0727862105,
              0.0
            ],
            [
              2224788.79114253,
              426291.1960638946,
              0.0
            ],
            [
              2224745.36129014,
              426284.7045815398,
              0.0
            ]
          ]
        ]
      }
    },
    {
      "type": "Feature",
      "properties": {
        "area": 2095.59,
        "id": 98,
        "cad_handle": "244828",
        "seq": 116
      },
      "geometry": {
        "type": "Polygon",
        "coordinates": [
          [
            [
              2224788.79114253,
              426291.1960638946,
              0.0
            ],
            [
              2224783.277319486,
              426328.0672864892,
              0.0
            ],
            [
              2224838.850343847,
              426336.4057668717,
              0.0
            ],
            [
              2224844.351849843,
              426299.5007513688,
              0.0
            ],
            [
              2224788.79114253,
              426291.1960638946,
              0.0
            ]
          ]
        ]
      }
    },
    {
      "type": "Feature",
      "properties": {
        "area": 3745.67,
        "id": 99,
        "cad_handle": "244829",
        "seq": 117
      },
      "geometry": {
        "type": "Polygon",
        "coordinates": [
          [
            [
              2224783.277319486,
              426328.0672864892,
              0.0
            ],
            [
              2224779.120610408,
              426355.8634171364,
              0.0
            ],
            [
              2224847.066043608,
              426409.9484295253,
              0.0
            ],
            [
              2224857.641478531,
              426339.2152610047,
              0.0
            ],
            [
              2224783.277319486,
              426328.0672864892,
              0.0
            ]
          ]
        ]
      }
    },
    {
      "type": "Feature",
      "properties": {
        "area": 6928.18,
        "id": 128,
        "cad_handle": "2448AD",
        "seq": 118
      },
      "geometry": {
        "type": "Polygon",
        "coordinates": [
          [
            [
              2224847.066043608,
              426409.9484295253,
              0.0
            ],
            [
              2224868.5,
              426427.01,
              0.0
            ],
            [
              2224969.5,
              426339.5,
              0.0
            ],
            [
              2224972.134123345,
              426337.4471697857,
              0.0
            ],
            [
              2224860.444777033,
              426320.7037419073,
              0.0
            ],
            [
              2224847.066043608,
              426409.9484295253,
              0.0
            ]
          ]
        ]
      }
    }
  ]
}